Name,age,email,Experience,City
Elene Marchington,25,emarchington0@cyberchimps.com,4,Vadodara
Molly Agass,31,magass1@google.pl,1,Surat
Kathy Francesconi,33,kfrancesconi2@google.ru,2,Vadodara
Kacie Madgwick,32,kmadgwick3@earthlink.net,3,Surat
Abbe Mochan,27,amochan4@plala.or.jp,1,Surat
Daisy Seint,27,dseint5@deliciousdays.com,3,Patan
Francene Churchill,32,fchurchill6@hc360.com,3,Vadodara
Bear Salerno,25,bsalerno7@addthis.com,2,Vadodara
Parke Guiso,35,pguiso8@nasa.gov,4,Vadodara
Shurlocke Hambric,29,shambric9@trellian.com,3,Surat
Kissee Woodlands,26,kwoodlandsa@army.mil,4,Ahemdabad
Shara Huby,27,shubyb@umich.edu,4,Vadodara
Maggee Savill,28,msavillc@senate.gov,2,Ahemdabad
Boonie Beecheno,33,bbeechenod@rambler.ru,4,Surat
Zita Sly,26,zslye@list-manage.com,3,Ahemdabad
Henrieta Compfort,29,hcompfortf@arstechnica.com,1,Patan
Sammie McMeanma,34,smcmeanmag@sakura.ne.jp,4,Patan
Padraic Canto,29,pcantoh@so-net.ne.jp,3,Patan
Lorne Boar,32,lboari@blinklist.com,4,Surat
Dianemarie Gleadhall,31,dgleadhallj@geocities.com,4,Patan
